time;throughput;snd_responsetime;rcv_responsetime
60;117.0;67.2349836286;40.6938221585
61;2.0;2363.327507;2360.902525
62;675.0;223.405053648;64.5363581775
63;1582.0;24.8895404307;15.8253683014
64;1666.0;24.6498942228;14.2556576606
65;1678.0;23.960992925;14.8749662361
66;1842.0;23.094575483;12.5450018994
67;1605.0;23.991447424;15.8081819552
68;1202.0;22.6944134608;12.9999963841
69;2.0;3822.650511;3832.029458
70;2.0;3824.547731;3823.048149
71;2.0;3824.454689;2.344231
72;894.0;165.51336496;103.110360461
73;1644.0;25.7552837083;14.359213609
74;1660.0;24.6807431071;14.7974270649
75;1718.0;23.9868904763;13.8687058103
76;1795.0;23.5814765765;13.25763079
77;636.0;24.2103851442;13.6011540499
78;766.0;74.4036517375;58.7395340651
79;1762.0;22.9395503086;13.9428338739
80;1693.0;23.7639975106;13.6266353804
81;1655.0;24.0925896061;15.1406341545
82;1161.0;32.63680339;21.0892935992
83;1575.0;24.3439396861;16.0406231755
84;1797.0;23.3488916277;13.4637313806
85;1637.0;25.4246531627;14.7307178239
86;1533.0;24.4461726189;13.9537660781
87;2.0;3786.856278;3788.830434
88;2.0;3787.029482;3785.807715
89;2.0;3788.914185;3790.093475
90;162.0;1113.80101374;328.997370894
91;1797.0;23.8514031312;14.2845615849
92;2049.0;20.1051962261;11.6048682531
93;1877.0;21.3460165893;12.5901766744
94;1723.0;22.7453441599;14.7338372767
95;1637.0;24.7002712718;14.9706461257
96;1610.0;24.3925402034;15.423395912
97;1672.0;24.2400680777;14.2399260705
98;1737.0;23.8943097801;14.1147133853
99;1706.0;23.0169764098;14.5163564652
100;656.0;32.9932412824;17.8870826136
101;2.0;3792.717037;3796.852358
102;2.0;3800.154255;3798.982105
103;2.0;3794.324363;3795.644605
104;1060.0;195.396171826;57.8955528393
105;1482.0;29.082304521;16.6822352416
106;1816.0;23.2859017028;13.3058091698
107;1783.0;22.8445923383;13.5056343814
108;1526.0;23.7631090157;13.0956435815
109;350.0;133.084403293;70.4116102906
110;182.0;139.90191023;77.4327309917
111;2.0;5575.652103;5571.548222
112;2.0;5579.665298;5573.329352
113;2.0;5579.716979;5576.318788
114;2.0;5576.512275;5574.697989
115;2.0;5576.502675;2.133866
116;32.0;5581.23247425;2790.71717183
117;2.0;1973.317811;7512.508725
118;1540.0;83.527236382;39.1631667929
119;1590.0;27.1782272495;14.4529919915
120;1737.0;23.6406048612;13.7557679058
121;1677.0;25.2875802766;13.5103891096
122;1626.0;25.7999077426;14.7674685933
123;1688.0;24.7207931212;14.9753338696
124;1518.0;27.7271068636;15.5242670543
125;1719.0;23.377239928;14.4516346593
126;1618.0;25.545041885;15.0473727155
127;1696.0;22.9632478363;14.7520788704
128;1633.0;23.5434391039;14.900568813
129;1672.0;24.9160610717;14.5979785844
130;1620.0;27.4307793782;13.9326224239
131;1653.0;23.2791023333;14.4606526303
132;1708.0;26.1925747526;14.0913915062
133;1715.0;25.6564862613;13.313455979
134;1672.0;23.9442081613;14.8695599946
135;1622.0;23.9638594093;15.8637728909
136;1631.0;24.1934232787;15.0750836248
137;1160.0;37.9735468424;19.9288783169
138;1948.0;22.0193290031;11.9154371771
139;2069.0;20.227892588;11.5757080971
140;1904.0;22.0190729447;12.4317260464
141;1750.0;23.8640994191;13.6369008263
142;1727.0;22.3333282877;14.0686447953
143;1743.0;23.5584715476;14.5209006597
144;1790.0;22.7531105997;13.3192870372
145;1700.0;25.8475233044;13.6377632863
146;1679.0;23.9140959699;14.4686227136
147;1796.0;23.8291777008;12.8863172502
148;1509.0;28.0841403066;15.4206092758
149;1756.0;23.3111564175;13.4479423287
150;1776.0;24.0244357124;13.7105110793
151;1752.0;23.9655143191;13.3997418551
152;873.0;40.5193295904;24.5245023397
153;180.0;275.652852034;142.307928835
154;92.0;147.075941742;90.0321752131
155;2.0;6954.492934;6947.850387
156;2.0;6954.443993;6952.152716
157;2.0;6954.163;6954.323636
158;2.0;6954.745706;6956.155663
159;2.0;6977.440482;6950.488827
160;2.0;6956.838771;6951.739323
161;747.0;261.883238732;162.747611932
162;1575.0;26.9344764586;14.9614173231
163;1633.0;25.6891721091;14.5421203388
164;1670.0;24.6406603911;14.6025015532
165;1606.0;24.9488771536;14.585453491
166;1678.0;25.2467695982;14.9271379786
167;1576.0;27.6794426876;14.6249180885
168;652.0;25.2589295753;13.75243394
169;1389.0;45.0339076272;29.6226221795
170;1620.0;25.4257755956;14.9681483104
171;1766.0;24.0953584201;13.3163010399
172;1607.0;25.6426361303;14.1813227467
173;1763.0;22.875151039;14.6276708397
174;1615.0;25.9176305364;14.3804268111
175;1804.0;23.902045426;13.080254159
176;1777.0;23.049684301;13.5303199983
177;1723.0;23.715233453;14.1398176388
178;1404.0;28.0542670043;17.6012910786
179;1338.0;33.2892649777;17.5001206648
180;2064.0;20.3704686662;11.4110266567
181;2087.0;20.1407337086;11.4894643295
182;1785.0;23.0136608053;13.2370428269
183;1318.0;30.4639578348;18.9067027317
184;1805.0;23.1800612102;13.1068013144
185;1664.0;24.444887034;14.2692567041
186;1726.0;24.686801308;13.7375223727
187;1747.0;23.625295119;13.8830893222
188;1650.0;25.485751808;14.370426796
189;1776.0;23.4342347097;13.4925989703
190;1763.0;23.667538871;13.5976765179
191;1741.0;24.582839342;13.4451118769
192;1682.0;23.909050076;14.7570422437
193;1726.0;25.7700477344;12.995789433
194;965.0;45.322782173;21.0756915348
195;189.0;194.724303774;136.279987756
196;25.0;215.974630556;69.5209046875
197;2.0;3677.417655;3676.80039
198;2.0;3677.782645;3677.012728
199;25.0;3678.45372327;267.761584929
200;2.0;7956.585709;7955.361975
201;2.0;7955.969193;7950.939265
202;2.0;7955.978847;7956.929294
203;13.0;7957.878213;4339.93585155
204;1449.0;63.8682779675;70.6351998704
205;1696.0;24.5353600071;14.2938611805
206;1588.0;27.3422852007;14.3933004876
207;1682.0;23.4391178587;14.9306818459
208;1642.0;26.3390191366;14.0896395453
209;1688.0;24.5812381817;14.1936284389
210;1484.0;27.0041102429;16.7069477294
211;1469.0;30.9335739716;15.197155125
212;1610.0;25.3978617682;15.0588059981
213;1627.0;25.5572037294;14.8441300352
214;1642.0;25.2020933466;14.543526125
215;1616.0;25.4831083108;14.8186004977
216;1692.0;24.0640648963;14.2286283776
217;1670.0;24.5544544399;14.5537063143
218;1404.0;27.9734742965;16.9060634541
219;1607.0;25.421327413;15.5762459035
220;1350.0;29.0912001996;16.0788678389
221;904.0;50.0486455429;27.5516360153
222;1292.0;33.0050758442;17.9450076184
223;2122.0;20.2050876057;10.9492252152
224;1952.0;21.282497242;12.0878372741
225;1755.0;23.1635372144;14.0621619462
226;1712.0;24.2462488138;14.052594909
227;1785.0;24.4824529392;12.2761656496
228;1775.0;24.9959125413;13.3616172775
229;1761.0;22.5292939051;14.0189948617
230;1688.0;25.8783880866;13.6143474109
231;1791.0;23.2511664264;13.2992552403
232;1706.0;24.1562321316;13.9469818407
233;1738.0;24.2154289467;13.7501985623
234;1384.0;22.2045959914;14.5768075229
235;265.0;192.271939722;90.5000634629
236;44.0;137.318626769;87.444693871
237;2.0;7820.74543;1.921531
238;2.0;7821.027178;2.029003
239;2.0;8691.900673;8686.11673
240;2.0;8691.29379;8690.051729
241;2.0;8689.478063;8691.783189
242;2.0;8697.346097;8691.827708
243;2.0;8689.543634;8692.696462
244;30.0;8696.33107689;2901.41000686
245;913.0;113.32921601;34.5729468477
246;1732.0;24.1026457624;14.2449128989
247;1755.0;22.9708779101;13.5513565797
248;1590.0;25.4893266704;15.2118701453
249;1698.0;24.8007403409;14.2719678126
250;1660.0;25.6202722345;14.1827402874
251;1697.0;25.9165403717;13.4716929108
252;1668.0;25.5278482735;13.9092563122
253;1308.0;33.1141194087;17.871397869
254;1644.0;25.6024759744;14.388877948
255;1668.0;25.3972516272;14.0471335495
256;1709.0;24.404945986;14.2916969798
257;1692.0;24.1283186655;14.2749427251
258;1741.0;24.3516547003;13.3632024149
259;1635.0;26.4668345588;14.3679305335
260;1740.0;24.2486956139;13.8415453351
261;1636.0;24.7531573953;14.7700068215
262;1687.0;24.5969832571;14.3013626149
263;1631.0;25.5779131993;14.7821529008
264;1543.0;27.2299565059;14.4498019497
265;1370.0;33.1710560109;17.4141396765
266;2038.0;20.2885699854;11.4989454317
267;2050.0;20.5853059294;11.5722594108
268;1713.0;23.6327074111;14.3087636989
269;1657.0;24.9495322595;14.6279569637
270;1676.0;24.4329161646;14.5973718038
271;1719.0;23.8500444983;13.9225766722
272;1734.0;23.7054766878;14.0943193762
273;1677.0;23.1737799245;14.32947383
274;1681.0;24.7038962487;14.9141050544
275;1722.0;24.1626683693;13.9550459739
276;1731.0;24.1510036086;13.7678858636
277;1692.0;24.504681986;14.1419335693
278;1647.0;24.0622840656;15.1771679226
279;1580.0;24.7612297235;14.4205643821
280;193.0;216.933182508;88.2164561923
281;254.0;164.014770989;88.4612571212
282;2.0;8859.18888;7828.385148
283;2.0;8837.686456;7828.442003
284;2.0;8836.831079;7828.884792
285;2.0;8838.411145;7828.708135
286;2.0;8837.564356;7827.426521
287;2.0;8839.403955;7828.14808
288;2.0;8838.412525;7829.761706
289;3.0;8838.504612;7829.9475625
290;434.0;477.348176071;231.329047863
291;1810.0;25.7813074643;12.6857566007
292;1780.0;24.4452845201;13.0345490802
293;1651.0;25.2739652755;13.6519625302
294;1761.0;25.8799311412;13.1951972856
295;1681.0;23.1753240684;14.8078349595
296;1778.0;23.5037746023;13.3683208785
297;1725.0;23.7738185865;13.2409664133
298;1596.0;27.6171564973;14.4041032831
299;1750.0;23.6106374974;14.1281285612
300;1688.0;24.7652801789;14.1266029463
301;1699.0;24.8642614938;13.2306831578
302;1721.0;23.985543669;14.5727050403
303;1774.0;24.3976842836;12.8954754117
304;1648.0;25.2393061612;14.532482667
305;1779.0;22.598045301;13.3333585457
306;1644.0;26.4277034171;14.2219874438
307;1089.0;38.1982368274;22.026889058
308;2058.0;20.5297049746;11.5635389807
309;2127.0;19.7379889916;11.0874187126
310;1916.0;22.1243317975;12.2309147174
311;1724.0;24.9537930643;13.2673537372
312;1761.0;24.6464632423;13.4811055319
313;1782.0;23.6472367508;13.3309967027
314;1740.0;24.404828689;13.7098515665
315;1756.0;23.9172929281;13.2690384224
316;1692.0;23.3633084419;14.9357787571
317;1795.0;23.4807077103;12.9371625676
318;1692.0;24.8541057778;13.9155253849
319;1735.0;24.3376369245;13.6694425009
320;1685.0;24.1395028571;13.7388276544
321;1657.0;24.7756443914;15.2539454855
322;736.0;28.7684479028;35.7919668671
323;213.0;194.517155143;122.544329825
324;56.0;516.1768912;182.071350028
325;2.0;3657.475988;1.561436
326;2.0;9263.960219;9260.118277
327;2.0;9262.316479;9255.694106
328;2.0;9261.764966;9256.242195
329;2.0;9262.624393;9260.208792
330;2.0;9264.996455;9250.396744
331;2.0;9264.129282;9259.486
332;2.0;9267.246441;9262.018984
333;297.0;241.133465459;654.074845136
334;1653.0;25.836904223;14.3313801787
335;1532.0;28.4464358755;14.7169684133
336;1605.0;26.1982070091;14.8730494324
337;1584.0;26.6551559374;15.02343179
338;1683.0;24.390252133;14.5829320366
339;1593.0;25.3115675654;15.1398494448
340;1546.0;25.4324239463;16.23945104
341;1620.0;24.7048585633;15.1508046065
342;1640.0;24.8488106137;14.803216779
343;1527.0;26.1874869594;14.3444151931
344;1646.0;26.25257562;14.7947922235
345;1830.0;23.9490982841;13.3542406593
346;1584.0;24.7093439648;15.816099181
347;1781.0;24.1033154086;13.0104689847
348;1785.0;24.184783806;12.7556378728
349;1334.0;31.5397813919;17.4047940607
350;1664.0;26.6101469137;14.0102847771
351;2080.0;20.7884552874;10.9574360123
352;1986.0;22.0274059443;11.8076050998
353;1853.0;23.1074067907;12.7126421177
354;1693.0;24.2803184071;13.1696522881
355;1770.0;26.4619311675;13.0603301543
356;1692.0;24.0172358243;14.2198438765
357;1803.0;24.5478592383;12.739901818
358;1244.0;36.7095504508;17.8795615236
359;1769.0;24.3421404686;12.979275922
360;1768.0;22.8987868364;13.3665448009
361;1715.0;25.2601272643;14.0855377868
362;1760.0;24.3167030443;13.3950590443
363;1742.0;24.2064365178;12.9996164848
364;1295.0;26.0138820047;15.351809955
365;231.0;116.252302405;134.452895548
366;91.0;280.0585949;135.348864131
367;2.0;5551.943655;5550.84211
368;2.0;5552.140849;5546.829283
369;2.0;5553.864264;5551.000167
370;2.0;5552.67584;5551.510661
371;8.0;5553.96592525;4164.20374125
372;2.0;7946.888551;2403.799002
373;2.0;7947.360116;2403.875219
374;1077.0;208.201374213;113.169290069
375;1601.0;27.2922503252;14.2769730159
376;1659.0;25.3166090812;14.4600852163
377;1639.0;24.8980464352;14.4513762918
378;1734.0;24.1710917177;13.4637090846
379;1593.0;26.0042610168;14.8835463122
380;1704.0;24.4854621603;14.5176631335
381;1626.0;25.3402274723;14.685510536
382;1699.0;24.5417635448;14.0906949372
383;1557.0;27.7532311954;14.9807622135
384;1677.0;25.5337526977;13.9786552952
385;1590.0;26.3187557952;14.8993946961
386;1721.0;24.2854724626;13.8121031387
387;1584.0;24.7044741184;15.1864933241
388;1728.0;23.9768852147;14.4476543383
389;1693.0;25.1029825335;13.7794509867
390;1576.0;26.5809731679;15.0540688432
391;1088.0;37.9840944986;21.7220133707
392;1253.0;35.4132472986;18.7006636414
393;1569.0;26.2053751533;15.3956014938
394;2033.0;20.773286025;11.7146364826
395;1802.0;22.2972147725;13.3260876255
396;1751.0;23.3877344941;13.9190141779
397;1670.0;25.0087198405;14.2363037194
398;1687.0;24.3029454842;14.2922335398
399;1733.0;23.8510986224;14.220623242
400;1537.0;25.8391196796;15.1991506174
401;1777.0;23.912277796;13.9927256453
402;1653.0;24.4460015018;15.0059406158
403;1735.0;23.3968410966;13.9360285965
404;1674.0;24.012889846;14.5298002426
405;779.0;50.3950589341;32.9704466756
406;129.0;252.293637444;135.284398905
407;2.0;7219.703583;7211.71378
408;2.0;7220.295494;7206.769451
409;2.0;7220.925088;7217.762031
410;2.0;7881.092846;7213.557192
411;2.0;7881.593047;7217.298615
412;2.0;7882.719634;7214.672256
413;7.0;7882.648434;2407.84475317
414;608.0;124.490377038;275.440002206
415;1660.0;26.8955975227;14.1250779549
416;1769.0;24.8509397133;12.8965414821
417;1660.0;25.2576901171;13.7465702543
418;1678.0;24.5849859093;14.3368822993
419;1672.0;25.1841660297;13.8544665023
420;1777.0;23.9642757479;13.9470269154
421;1623.0;26.3014318593;14.3469334949
422;1666.0;25.2628695727;14.0656683354
423;1715.0;24.5329384655;13.7648496511
424;1678.0;24.4610995727;14.6425473537
425;1683.0;24.8532481357;14.2330809412
426;1640.0;25.9181158944;14.3905919083
427;1734.0;23.8781122418;13.8374508303
428;1374.0;25.5978419848;14.4262261236
429;1743.0;28.8546654264;15.551503888
430;1589.0;25.4589107238;15.3886280385
431;1593.0;26.0314563876;14.5632599547
432;1277.0;35.0105834953;18.4550324617
433;2005.0;20.7234318588;11.9624967605
434;2030.0;21.0564339733;11.6393774152
435;1797.0;23.5235914603;13.2445648097
436;1743.0;23.5967843129;13.5769010788
437;1686.0;25.1964289257;13.9610860553
438;1749.0;24.1919089657;13.5722498208
439;1786.0;22.7769144792;13.5235416456
440;1672.0;25.5226549521;13.8787918917
441;1748.0;22.6162114378;13.8697492782
442;1745.0;24.6668741244;14.0005564309
443;1740.0;24.4979372322;13.2966002878
444;1625.0;24.3996856716;15.1047981985
445;1680.0;25.236303915;14.3523671605
446;1072.0;23.9468703846;13.9912582754
447;235.0;219.393209703;125.223158354
448;90.0;334.069006467;162.50975365
449;2.0;3677.020806;3673.612715
450;2.0;3676.745728;3673.130773
451;2.0;3677.508904;3676.287119
452;26.0;3677.74235389;1085.15544953
453;2.0;9913.681303;9910.06197
454;2.0;9913.904655;9912.620097
455;2.0;9913.34398;9911.105741
456;2.0;9913.449381;9913.003967
457;2.0;6333.350752;9913.30872
458;680.0;227.800341537;207.300797998
459;1683.0;23.9166586625;14.5546167332
460;1465.0;28.9144273163;16.1007461138
461;1712.0;24.4279109846;14.1068651888
462;1584.0;26.038231878;15.1488331237
463;1502.0;25.357026544;13.9310616108
464;1474.0;30.0592333;18.7327022835
465;1569.0;26.6961441566;15.331016487
466;1497.0;27.9761365119;15.8017669748
467;1641.0;24.7647363768;14.8904246545
468;1747.0;24.6887031169;13.1606392792
469;1707.0;23.867620175;13.7667134288
470;1727.0;24.919681641;13.8903133434
471;1650.0;24.9315183986;14.5188749396
472;1809.0;24.1308705745;12.8456250025
473;1683.0;25.7932440465;13.7625880009
474;1668.0;23.7570033381;14.8256939711
475;1687.0;24.8695509822;14.2224272544
476;1271.0;33.1021513024;18.4880375946
477;1499.0;28.2502409448;15.5984488538
478;2104.0;20.6801088122;11.0466615168
479;2080.0;20.5932605339;11.3951590252
480;1746.0;23.2445196205;13.391191354
481;1810.0;24.492652033;13.0895662774
482;1687.0;24.0564283919;14.2903145572
483;1697.0;24.1008564119;14.4844617003
484;1745.0;24.1406115651;13.6031380277
485;1768.0;23.7782933445;13.2322257033
486;1788.0;22.341660704;13.9610064471
487;1721.0;23.9860118316;14.2866346489
488;1718.0;24.2241100757;13.3708210827
489;1681.0;27.1556351248;13.5599654696
490;1733.0;24.0839594905;13.7003590789
491;511.0;56.1470181629;42.2793858258
492;197.0;262.401035642;110.655684538
493;26.0;154.364136286;115.345479
494;2.0;7438.515035;7436.555232
495;2.0;9658.47033;1.847792
496;2.0;9666.967184;9659.72393
497;2.0;9655.474912;9661.578668
498;2.0;9666.406168;9664.584216
499;2.0;9667.425421;9664.766632
500;2.0;9668.031175;1.999318
501;2.0;9666.216302;2.362417
502;445.0;882.421544967;156.082615434
503;1634.0;25.152377989;14.7447961691
504;1655.0;25.0049401906;14.0511897907
505;1657.0;26.4251645986;14.6471077364
506;1646.0;25.929401183;14.0958268857
507;1349.0;32.5371690982;16.8689944861
508;1577.0;26.078314073;15.1154359511
509;1595.0;25.4262557109;14.8597070903
510;1663.0;25.7011947459;14.0868012996
511;1659.0;25.6781640072;14.4944107871
512;1596.0;25.6881352983;14.5775114722
513;1594.0;26.6638571295;15.0195746852
514;1722.0;24.9822138873;14.1590605965
515;1620.0;24.4592214442;14.9696613719
516;1626.0;24.4018162727;14.3932038924
517;1725.0;25.6360606333;14.3192999111
518;1611.0;24.4144291825;15.036101594
519;1146.0;37.7230214854;20.9765669818
520;1776.0;23.3887964231;13.609374281
521;1954.0;21.5471284067;12.1476651762
522;1819.0;22.5032407033;13.1082633954
523;1692.0;24.8032462593;14.1958308569
524;1674.0;25.5869606996;14.1482138439
525;1788.0;22.8658395477;13.4556645172
526;1687.0;22.9198009808;14.3951201901
527;1701.0;24.5378339613;14.6879208728
528;1519.0;27.8229421907;15.1145362388
529;1704.0;25.9038099059;13.894009674
530;1776.0;23.0380571379;13.4734203697
531;1276.0;24.7598111564;15.1647828489
532;249.0;192.460819898;92.4136677826
533;10.0;217.031463;145.906197667
534;2.0;6375.119951;6402.57936
535;2.0;6375.49021;6401.20757
536;2.0;6375.65673;6205.171598
537;2.0;6376.770018;6399.673462
538;2.0;6376.376354;6206.73593
539;31.0;6375.54837829;3156.76149575
540;2.0;3440.851995;9596.891657
541;2.0;3439.979555;3439.268705
542;507.0;333.516455041;127.844930183
543;1703.0;24.4925586632;13.970368823
544;1686.0;25.922367672;13.6977199106
545;1739.0;24.0652363813;13.7271950224
546;1671.0;25.020841475;13.4306245086
547;1723.0;24.9960096073;14.1272005808
548;1736.0;24.6077637096;13.5220158648
549;1641.0;26.8050887345;13.7743225362
550;1674.0;25.172272222;14.3376061715
551;1655.0;24.9805633022;14.3669593255
552;1740.0;24.3131896828;13.7810570819
553;1666.0;26.1873801467;13.7970431102
554;1674.0;24.927496169;14.2889810522
555;1703.0;25.1514914885;13.7695970106
556;1690.0;24.1620211125;13.794356727
557;1578.0;26.3142521329;15.9339091785
558;1740.0;23.9596773703;13.5974008562
559;1634.0;25.233048533;14.4931939357
560;1768.0;24.6603843568;13.2330670991
561;1570.0;25.9374029924;15.2614713958
562;1080.0;41.2101624986;21.2330579077
563;1947.0;21.8495186121;12.2705029138
564;1965.0;21.2311019192;12.0740867196
565;1888.0;22.1718822824;12.6925885742
566;1771.0;23.1622623847;13.4032672217
567;1783.0;23.5525625084;13.4041018183
568;1747.0;23.0785142937;13.6776393385
569;1786.0;23.2963049633;13.7049306192
570;1773.0;23.1320809467;13.6946055217
571;1682.0;25.0571553754;13.9214587205
572;1686.0;23.5526759333;14.7874976864
573;1609.0;25.2803689208;14.7055819381
574;1292.0;29.2934116636;20.6938575069
575;1662.0;24.6987983436;14.6050594301
576;1303.0;24.0911842627;14.801733412
577;179.0;276.665805646;142.251328149
578;100.0;268.518269382;167.405117182
579;2.0;5552.021999;5549.143065
580;2.0;5552.845514;5546.521383
581;2.0;11046.871854;5546.934701
582;2.0;11045.696842;5544.97878
583;2.0;11006.423655;5545.574741
584;9.0;1.269432;4162.37345125
585;2.0;11047.556163;11029.384173
586;2.0;0.62812;11039.138461
587;2.0;5575.200439;11033.351877
588;2.0;5575.643479;11042.201845
589;153.0;1102.17422776;1096.17417772
590;1552.0;28.3440577958;16.3002603206
591;1620.0;26.6414217803;14.2944303426
592;1676.0;23.931046931;14.7343159685
593;1576.0;27.3222867776;14.9920295048
594;1612.0;25.5965987106;14.9828245284
595;1600.0;25.045528607;15.330323483
596;1492.0;26.5177354841;16.8495563192
597;1563.0;26.9633550057;15.1513101596
598;1712.0;22.9158883583;13.6537815418
599;1685.0;27.5639910409;13.7438031728
600;1711.0;24.9991651804;13.6359312096
601;1664.0;24.664979148;14.5790010181
602;1713.0;24.6125954049;13.8771457789
603;1616.0;27.5763578971;14.0076724692
604;1793.0;23.87890994;12.9452202666
605;1625.0;25.2021463906;14.8510242211
606;1761.0;24.5652307221;12.9702242963
607;1167.0;36.2290651094;19.9244146266
608;1929.0;22.4456363436;12.2473600556
609;1690.0;25.8201316351;13.332960592
610;1996.0;21.5222989911;11.7801535986
611;1724.0;24.3513179373;13.6811255878
612;1781.0;23.6947952285;13.2281199584
613;1769.0;24.2890684165;13.1207724592
614;1752.0;24.4759914555;13.233411119
615;1791.0;23.6642713754;13.3256621144
616;1706.0;23.6959391388;14.4627702507
617;1730.0;24.7408607398;13.2249316515
618;1725.0;24.3570359966;13.662250241
619;1737.0;24.4815096263;13.6616332821
620;1655.0;24.2958154547;14.8106928471
621;1278.0;24.9536216785;14.4971917731
622;250.0;214.426159179;109.859458843
623;179.0;193.658697933;97.5681401345
624;2.0;10869.588895;7564.100998
625;2.0;10870.221018;10858.560635
626;2.0;10870.445233;10863.065546
627;2.0;10870.570851;10857.90981
628;2.0;10870.176717;10866.782775
629;2.0;10869.729108;10861.406907
630;2.0;10871.761714;10864.702182
631;2.0;10870.814618;10863.194938
632;2.0;10869.927669;10865.417198
633;2.0;10872.558904;10868.442502
634;523.0;297.445600754;203.352853672
635;1694.0;25.1751913515;14.2254278044
636;1584.0;25.4963252449;15.6817446854
637;1682.0;25.2425652185;13.939553454
638;1360.0;31.6163575521;16.6256638174
639;1332.0;35.8991924877;16.3955389819
640;1493.0;28.3944501546;15.8354813889
641;1641.0;24.9317476372;14.6972360699
642;1724.0;24.6852707229;13.4986643631
643;1536.0;27.3428768311;15.3357852468
644;1285.0;25.8247462097;20.9196148543
645;1691.0;25.514656675;14.7025902785
646;1721.0;23.8082845919;14.1891115748
647;1630.0;24.6243839489;14.9133533503
648;1719.0;24.3189599184;13.3930728863
649;1692.0;25.93133697;14.155089904
650;1181.0;37.5244096718;19.1004301256
651;1873.0;22.1273055975;12.7107312045
652;2048.0;20.7674018659;11.3901880433
653;2000.0;21.6462683566;11.9078533753
654;1719.0;24.6291843564;13.1174942507
655;1761.0;23.7996619473;14.0517014493
656;1692.0;24.0751649032;14.4449641984
657;1760.0;23.2414759182;13.5149003812
658;1709.0;25.1579798371;13.5664452417
659;1707.0;23.9218821923;14.2786430643
660;1690.0;25.0777009224;13.8627723882
661;1737.0;23.9453867238;13.7984930953
662;1789.0;23.8372352315;13.068404461
663;1799.0;24.2264442073;12.9732892567
664;1089.0;24.266656883;14.3298044699
665;218.0;186.634270373;119.596604881
666;78.0;296.166549667;157.45934975
667;2.0;3847.651627;3663.192563
668;2.0;3849.013122;3835.32008
669;12.0;7829.07376;3094.03973909
670;2.0;7829.15125;7827.049546
671;2.0;7828.647778;7827.810132
672;2.0;7830.738506;7823.752482
673;2.0;7829.32557;7826.509094
674;1103.0;203.606435509;92.125635594
675;1596.0;27.4253396431;14.2124673129
676;1614.0;27.0434039533;14.7790352141
677;1652.0;25.3257814108;14.6090570902
678;1604.0;24.6666545864;15.663464066
679;1332.0;31.9841073587;17.3366033668
680;1705.0;25.0776405201;13.7595197205
681;1695.0;23.9407479175;14.2479557164
682;1646.0;24.3399767884;14.5154524099
683;1606.0;25.981560294;15.4536078601
684;1655.0;25.0383653554;14.5657491936
685;1642.0;24.7805702342;14.8287145106
686;1695.0;24.3999650633;14.2025720613
687;1674.0;25.4871177174;14.0988762834
688;1678.0;24.5196510089;14.0905067901
689;1636.0;25.4972271447;14.2135830991
690;1556.0;26.2682728359;16.3189008149
691;1031.0;42.7027471246;22.2950404883
692;1984.0;21.1674665265;11.9684910189
693;1994.0;20.8710162404;12.0463871953
694;1780.0;22.5850605409;13.6248274471
695;1690.0;23.2942414056;14.9227143491
696;1673.0;23.4879974268;14.3818701824
697;1745.0;24.0900457595;14.3844979776
698;1728.0;23.6420408201;14.1190669591
699;1725.0;24.3817809516;13.8018055873
700;1512.0;28.672181006;15.2837666036
701;1685.0;23.8811019309;14.5078545361
702;1719.0;23.5866321499;14.0188242959
703;1695.0;24.426279548;13.958669279
704;1444.0;24.9251169772;14.3324128087
705;210.0;153.565109754;104.698273738
706;19.0;403.5432882;287.944534929
707;2.0;3859.565608;4200.761247
708;2.0;3861.486107;3697.303677
709;42.0;4090.5300762;1474.60286426
710;2.0;4755.83174;7783.87509
711;2.0;4758.992929;4755.219059
712;2.0;4758.566906;4740.201272
713;2.0;4757.930038;4748.089589
714;162.0;792.903023786;668.011425283
715;1701.0;24.3558604921;13.9203146182
716;1708.0;24.764349088;14.101688186
717;1647.0;25.6619466082;13.7338872344
718;1655.0;25.8934853499;14.258074217
719;1742.0;24.3528573396;13.6771024685
720;1661.0;24.7953633185;13.5412611829
721;1806.0;23.5749317389;13.7910307485
722;1668.0;23.6193496637;13.9046322732
723;1796.0;23.2618647308;13.4300266534
724;1638.0;26.2677356152;14.8796941196
725;1733.0;24.608447531;13.2262462186
726;1674.0;25.2342420519;14.1556619211
727;1712.0;23.7340769947;14.6468809124
728;1702.0;25.1442314318;13.5799800487
729;1718.0;25.0798364336;13.5555069005
730;1642.0;24.7710195787;14.9323355914
731;1464.0;28.729183167;16.114730739
732;1463.0;29.808710827;15.6831112008
733;1953.0;21.7787050289;11.9958837583
734;2135.0;19.7340501296;11.0076562709
735;1775.0;23.0511205946;13.6965312351
736;1698.0;23.0778615781;14.9084503084
737;1778.0;22.8615552;13.5645667281
738;1749.0;23.943974494;13.9224799699
739;1719.0;24.4525502263;13.9720600992
740;1686.0;23.6998629002;14.6984267956
741;1721.0;22.7232128503;14.4862148694
742;1638.0;25.1142071603;14.4735139467
743;1665.0;24.8937646315;14.6122258816
744;1686.0;24.7284593304;14.1678850518
745;1331.0;24.0738717477;13.7243039504
746;234.0;248.274114952;106.496520331
747;110.0;319.079083371;108.957231827
748;2.0;8202.426886;8447.559987
749;2.0;8202.222938;8448.042334
750;2.0;8202.474325;8200.243062
751;2.0;8203.932755;8447.466477
752;2.0;10420.794089;8200.1452
753;2.0;10420.534301;8449.23944
754;2.0;10421.237859;8199.180138
755;8.0;10420.134754;3587.19165471
756;2.0;10420.6521;10414.013361
757;2.0;10420.137737;10418.465487
758;1125.0;230.390651562;72.738167008
759;1737.0;23.9242122573;13.8369018618
760;1524.0;26.4010793872;16.2659722238
761;1648.0;24.6438663473;14.7152000191
762;1641.0;25.2214758777;14.3179373991
763;1618.0;24.6359589352;15.9284400816
764;1618.0;25.3015070573;14.8874854299
765;1548.0;24.7018659383;16.7359237017
766;1594.0;25.6708464053;14.8012651404
767;1647.0;26.7048961137;13.5487488005
768;1778.0;23.729912043;13.5608929668
769;1680.0;25.4464437616;14.2022348913
770;1721.0;24.5062531828;13.8036596678
771;1673.0;25.079732825;13.7193121734
772;1767.0;24.3411982119;13.5322860365
773;1697.0;24.7439249452;14.0854510221
774;1694.0;24.4542685235;13.4426035961
775;1685.0;24.9909799538;14.528457418
776;1093.0;40.0639172938;21.225696874
777;1841.0;23.3072730343;12.6352711083
778;2130.0;20.1599644513;10.9795952273
779;1915.0;21.8273065435;12.0753869851
780;1649.0;25.7919071271;14.803181896
781;1712.0;25.3420605791;13.4008944336
782;1704.0;25.0108317513;13.9303452577
783;1683.0;24.2460869964;14.3911382349
784;1791.0;23.7675584618;13.3230806207
785;1735.0;24.6274234222;13.4038902765
786;1691.0;23.9737272923;14.3274807881
787;1674.0;25.8899994858;13.9263999631
788;1638.0;25.2657023321;14.2295376357
789;1282.0;33.9477573421;18.8435364861
790;870.0;32.2694680845;29.5659095679
791;180.0;302.9022414;86.1069214
792;35.0;229.9647154;187.130467267
793;2.0;9508.939902;1.394257
794;2.0;9538.831861;9512.205418
795;2.0;9518.546025;9517.201635
796;2.0;9517.029072;9513.482259
797;2.0;9516.930695;9516.376032
798;2.0;9517.534541;9513.248998
799;2.0;9519.258363;2.608437
800;2.0;9516.254873;2.410062
801;661.0;752.712347604;16.4080810137
802;1588.0;25.5201947199;15.4756844214
803;1590.0;25.6384378267;15.3093075845
804;1625.0;26.3910952393;14.3617236308
805;1328.0;31.8035920769;17.2326486254
806;1588.0;27.3486092831;14.5104029753
807;1566.0;25.4450248696;15.3122263635
808;1694.0;24.3484385124;14.9103569487
809;1655.0;24.9138433573;14.6952471694
810;1645.0;24.5455051721;14.9905212717
811;1640.0;25.0467322062;14.7998352866
812;1721.0;24.4084223595;13.8151840679
813;1572.0;25.8489506015;15.4814706038
814;1638.0;23.8699825248;15.4184821372
815;1613.0;26.3457271009;14.6478122706
816;1664.0;25.8922120677;14.0703716374
817;1614.0;24.5792290259;14.7166487502
818;1149.0;35.2122222269;21.3057780169
819;1459.0;30.6176504654;16.1824361706
820;1826.0;23.0468731971;13.0693909018
821;1978.0;21.2824740927;11.9160609167
822;1719.0;23.9792689363;14.1545567838
823;1666.0;24.8245564268;14.1123396343
824;1356.0;32.5669283464;17.2006729108
825;1687.0;23.796687697;14.6991117549
826;1655.0;24.5484002782;14.6698897412
827;1590.0;25.5531277454;15.1393755862
828;1651.0;24.3852642686;15.0194232273
829;1648.0;23.8069721125;15.0283872908
830;1344.0;30.421443078;17.3134285374
831;734.0;64.7967990565;24.3072241708
832;208.0;148.438815127;121.880603672
833;2.0;5733.057774;2.030992
834;2.0;8405.007187;8400.725204
835;2.0;8404.099719;8399.377401
836;2.0;8405.408443;8399.102171
837;2.0;8404.796581;8394.293963
838;2.0;8405.780717;8391.914864
839;2.0;8407.331851;8394.239022
840;2.0;52.943055;8389.941695
841;1284.0;25.5401074522;174.269799938
842;1665.0;25.2878705816;14.7736458583
843;1800.0;24.1397478367;12.8407063233
844;1670.0;25.3414809658;14.039465202
845;1708.0;24.5948594786;13.8749582894
846;1618.0;25.3825581722;14.851497375
847;1675.0;25.1266906314;14.3011999567
848;1659.0;25.6507751099;14.1144602663
849;1657.0;25.1095324268;14.2821135716
850;1652.0;25.0644308723;14.4583948388
851;1725.0;24.7837849158;13.647916294
852;1709.0;24.6770173304;13.7007792313
853;1624.0;24.017763744;15.4713986028
854;1690.0;24.4766062513;14.20865547
855;1707.0;24.8566864982;13.9118071161
856;1668.0;25.660282723;14.0370623417
857;1621.0;26.4689080959;14.5231793892
858;1683.0;24.8636325631;14.0395657643
859;1328.0;28.1022563208;19.7629880034
860;1124.0;38.3226346022;20.6334927301
861;1897.0;22.6472612633;12.4386678396
862;2103.0;20.0276703517;11.2420281842
863;1915.0;21.7483291555;12.4494957681
864;1688.0;25.1085305036;13.7948119929
865;1725.0;24.5112291565;14.1052206922
866;1707.0;24.31773662;13.8862085957
867;1692.0;24.5897787904;14.1983955943
868;1706.0;23.5357106326;14.3657351895
869;1636.0;23.9302198579;15.2833983643
870;1627.0;25.9252673438;14.7237753038
871;1669.0;23.3063971619;14.5522042078
872;1785.0;23.6113998165;14.0246554752
873;1523.0;24.9011638109;13.7585738762
874;148.0;260.54823866;120.335169194
875;183.0;298.345531646;120.884071551
876;2.0;7871.303789;7892.654466
877;2.0;10976.048904;7893.102051
878;2.0;10974.656549;7890.950285
879;2.0;10975.77158;7894.704998
880;2.0;10975.540991;7892.771929
881;2.0;10973.812291;3090.693232
882;2.0;10973.24981;10973.204168
883;2.0;10975.897415;10974.354805
884;2.0;10976.012717;2.130604
885;2.0;10975.672122;2.251006
886;93.0;2363.98295465;1409.78088781
887;1532.0;25.4828926791;16.404218249
888;1679.0;25.084454117;14.1749492816
889;1681.0;23.9101048215;14.3859801947
890;1550.0;27.2808759847;15.2170309396
891;1669.0;24.1561027936;14.6105657778
892;1610.0;24.8517600091;15.2151091586
893;1400.0;29.7149201392;16.7784242851
894;1321.0;24.0199758041;16.5169287526
895;1594.0;34.208870266;15.7865052406
896;1768.0;22.669472392;13.8297085525
897;1620.0;24.8900009414;14.6118310047
898;1692.0;25.0529745203;14.4046974044
899;1676.0;25.5581640823;13.7887497376
900;1669.0;23.438905292;14.9674547949
901;1731.0;24.1630651548;13.7437026739
902;1737.0;23.8643826468;13.7013633562
903;1598.0;27.6094670151;14.3857203187
904;1383.0;29.7125857207;16.5798469869
905;1442.0;29.4484875251;16.9874665353
906;1978.0;21.3050757259;11.9415046163
907;1962.0;20.9032860667;11.8276281582
908;1766.0;22.7056030662;14.5332555174
909;1756.0;23.7847516983;13.60627897
910;1809.0;22.7560862063;13.4209554713
911;1670.0;24.7487809102;14.493587053
912;1728.0;22.5556890743;13.6629242271
913;1737.0;23.9408357841;14.0380862421
914;1633.0;23.5668946375;14.8108078542
915;1738.0;24.5162014838;14.2639714761
916;1744.0;22.9126973092;14.2363617911
917;1570.0;25.3469556908;15.0492051262
918;733.0;64.937451951;24.618634043
919;81.0;134.344340308;180.247851709
920;91.0;482.1567986;220.451275525
921;2.0;7354.847806;7352.404567
922;2.0;7355.219698;7349.730456
923;2.0;7352.259459;7348.350332
924;2.0;7353.048783;7343.5957
925;2.0;7355.800717;7342.374702
926;2.0;7356.235718;7354.453723
927;27.0;7357.14170583;3154.39080948
928;2.0;10699.570835;10701.326135
929;2.0;3394.291475;10698.710756
930;2.0;3394.578951;2.227511
931;1500.0;112.724955558;55.699370853
932;1423.0;31.8151641509;16.7227528203
933;1485.0;28.3088749325;15.8825244424
934;1598.0;26.7077212373;14.8746595886
935;1647.0;24.4993175411;14.7574946578
936;1638.0;25.5721093134;14.3582764079
937;1674.0;25.337542516;14.2091932005
938;1591.0;27.3195813365;14.546304
939;1725.0;24.4240527435;13.8039236416
940;1427.0;29.8869779834;16.3134692288
941;1663.0;25.4526623351;14.1419250378
942;1625.0;24.8230410901;14.3072052229
943;1496.0;30.6024551494;15.5716326932
944;1737.0;23.1263802534;14.1061277249
945;1686.0;25.6855330973;13.8647444737
946;1315.0;31.4192269474;16.8051057585
947;1698.0;26.1382493439;14.4065509982
948;2119.0;19.8802760548;11.0570410121
949;2016.0;20.9491661155;11.5866043101
950;1796.0;23.2093939836;13.0253333081
951;1808.0;22.4597645434;13.0280151931
952;1780.0;23.754290136;13.6431703568
953;1757.0;23.3484465084;13.9429138876
954;1782.0;23.6150879359;13.3144645408
955;1711.0;23.4730878363;14.4986381496
956;1749.0;23.7098895431;13.2749838117
957;1736.0;23.6279011744;13.4500391764
958;1699.0;25.4430301436;14.2488302511
959;1607.0;24.8017393699;13.1632377119
960;226.0;177.916291373;101.540902967
961;90.0;321.068937267;154.0263437
962;2.0;5549.183131;5542.149937
963;2.0;5552.544031;5551.5624
964;2.0;5551.203091;5547.154565
965;2.0;5552.140856;5541.408187
966;2.0;5552.014853;5548.386226
967;35.0;5552.58834373;1853.81685029
968;2.0;3539.519284;9041.328093
969;2.0;3539.972176;3536.932007
970;574.0;232.68198843;155.834505845
971;1657.0;23.4127021857;15.3412885552
972;1685.0;24.1918140848;14.4972270018
973;1642.0;25.8279771573;14.4778460321
974;1682.0;24.9575601828;13.9985738257
975;1623.0;25.5009968755;14.7582835014
976;1698.0;25.1360230139;13.9764375552
977;1642.0;25.946225585;14.199347084
978;1652.0;23.9963411185;14.7183656447
979;1516.0;26.158584764;15.4281802192
980;1700.0;25.2655436035;14.5796535884
981;1611.0;25.7174327668;13.9435861795
982;1737.0;24.8679257414;14.3154057459
983;1686.0;24.3730387642;14.4058346141
984;1682.0;24.5986422148;14.3576718995
985;1676.0;24.1828304215;14.0650056492
986;1618.0;26.2601288864;14.9935665858
987;1603.0;25.3806606067;14.7305582829
988;1625.0;25.304412578;14.9289356704
989;1073.0;40.6976296619;21.8970758682
990;1836.0;23.3639706189;12.8918012619
991;1979.0;21.1050210211;12.1766144643
992;1864.0;22.3253731008;12.7669498111
993;1631.0;25.3659492712;14.7163651521
994;1268.0;35.6425537014;17.8074689161
995;1511.0;28.4108622549;15.4351494866
996;1673.0;24.4044053505;14.1352563636
997;1695.0;24.4645367968;14.3127286361
998;1688.0;24.9152024276;14.3708467299
999;1638.0;24.9899424963;14.5536339863
1000;1460.0;23.3865284352;14.1048374327
1001;194.0;193.500013738;96.8483774436
1002;90.0;235.541098667;151.344140667
1003;2.0;5986.664356;5985.831718
1004;2.0;5986.941056;5983.002339
1005;2.0;5986.024187;5984.976792
1006;2.0;5986.519611;5983.626244
1007;2.0;5988.313601;5981.310502
1008;594.0;236.744646635;244.334987113
1009;1563.0;26.5783659432;15.3047970937
1010;1476.0;28.496658984;16.3022771516
1011;1752.0;24.0296497024;13.1837749863
1012;1740.0;24.0521790713;13.8571113336
1013;1711.0;24.638985229;13.7061782291
1014;1689.0;24.5923767254;14.2865627921
1015;1653.0;25.3636786116;14.334112363
1016;1638.0;25.2146508556;13.8076639105
1017;1744.0;24.9980965802;13.8762996347
1018;1699.0;23.7255917474;14.304983975
1019;1662.0;24.5344041207;14.9187722611
1020;1691.0;24.7287207447;14.0815262005
1021;1608.0;25.5351435727;14.9135586078
1022;1757.0;24.5754181387;13.2445920669
1023;1630.0;25.2562623872;14.777482976
1024;1772.0;23.496697385;13.3616206237
1025;1157.0;35.2037380885;18.5666473376
1026;1646.0;28.2869171971;14.9419798792
1027;2037.0;21.1207639971;11.4699581901
1028;2023.0;20.4749149248;11.6472591368
1029;1734.0;23.4928455486;14.1197110959
1030;1750.0;24.1322914539;13.5685152371
1031;1738.0;22.3417413901;14.1771308306
1032;1688.0;24.7399910817;14.1385261312
1033;1736.0;24.6810424276;13.4848203934
1034;1681.0;22.9262955098;15.0986699419
1035;1626.0;25.3591020604;14.9381450889
1036;1733.0;23.6111755918;13.9874224652
1037;1719.0;23.6832390939;13.9765710691
1038;1214.0;21.9658521117;14.0965583903
1039;139.0;356.790359681;164.214695522
1040;94.0;420.176354656;191.974728645
1041;2.0;8111.393413;1.532061
1042;2.0;10277.20256;10276.200257
1043;2.0;10515.495035;10510.410326
1044;2.0;10278.713781;10510.26626
1045;2.0;10279.900021;10512.348288
1046;2.0;10270.375611;10513.296024
1047;2.0;10278.061219;10511.812835
1048;2.0;10280.037586;10512.054311
1049;2.0;10280.323571;10513.426306
1050;27.0;10314.4212276;3244.08676405
1051;1672.0;25.1130633096;14.9568553523
1052;1623.0;24.9382717573;14.6693583833
1053;1678.0;24.0423929321;14.627312462
1054;1691.0;24.3466236696;14.1324811631
1055;1596.0;26.7986276011;14.6809586279
1056;1651.0;24.5079996708;14.9008803608
1057;1524.0;25.6328115948;16.0901449209
1058;1659.0;24.4037221888;14.7552325775
1059;1574.0;26.1193117732;15.2910467187
1060;1532.0;25.2954708301;15.7954103984
1061;1409.0;29.6752495191;17.7581624077
1062;1719.0;22.7803658664;14.5737333013
1063;1658.0;24.7234624892;14.4663355299
1064;1655.0;25.9962808791;14.0085355404
1065;1520.0;28.5052730333;15.3700867
1066;1698.0;24.6254293525;14.1166457902
1067;1737.0;23.5132430395;14.0330634113
1068;1059.0;42.1437376772;21.4226420309
1069;1759.0;24.4648524771;13.3180601709
1070;2088.0;20.7584146767;11.1878946329
1071;1989.0;20.7114819337;11.6890058031
1072;1684.0;24.6124137549;14.2347603238
1073;1808.0;23.5684469551;13.2444398557
1074;1718.0;24.8476866822;13.2591905277
1075;1450.0;30.0813770327;16.0414689084
1076;1693.0;25.8850564929;13.79354162
1077;1749.0;24.170071796;13.5028097258
1078;1765.0;23.3942814797;13.2614260222
1079;1729.0;24.6827858155;13.902361933
1080;1661.0;24.5217916423;14.4060064959
1081;844.0;50.8812127112;20.4228790723
1082;222.0;229.274350467;115.020418027
1083;5.0;5552.139391;64.1163695
1084;2.0;5552.331366;5551.20295
1085;2.0;5551.974821;5549.108284
1086;2.0;5550.946871;5544.02447
1087;2.0;5551.512813;5546.468262
1088;25.0;5552.79862414;1852.17059722
1089;2.0;9776.994255;9757.67858
1090;2.0;9760.230824;9759.535119
1091;2.0;9777.89691;9775.216528
1092;267.0;636.592170897;354.941743
1093;1630.0;26.3577484218;14.1995469315
1094;1768.0;24.2237488452;13.2811804585
1095;1662.0;25.6643838513;14.3712140725
1096;1666.0;23.1179230161;14.9398218583
1097;1641.0;24.9897252468;14.7290261523
1098;1705.0;25.254804232;13.8185236602
1099;1564.0;26.8912385766;15.3584234242
1100;1572.0;26.5892425655;15.1470770057
1101;1704.0;24.1338816702;13.8834348183
1102;1637.0;25.9662410752;14.7025462766
1103;1621.0;26.1551899761;14.3548379749
1104;1651.0;26.0835472256;14.2364279307
1105;1573.0;25.2950284963;15.7568755005
1106;1509.0;28.0797237466;15.491056403
1107;1621.0;25.3540390148;14.8911622076
1108;1630.0;24.9667337283;15.1133708766
1109;1705.0;23.7684769349;14.1955977062
1110;1206.0;29.1447632819;20.8413460401
1111;1111.0;40.5098743529;21.9058416635
1112;1851.0;21.634033565;13.3023654625
1113;1871.0;22.035887208;13.0907470602
1114;1778.0;24.0865366235;13.2052662147
1115;1691.0;24.6126723834;13.9335501431
1116;1679.0;23.9554704071;14.6325381367
1117;1640.0;25.4030544499;14.682518835
1118;1646.0;24.2516201579;14.701549684
1119;1634.0;26.387782011;14.6566638436
1120;1655.0;24.0218332696;15.1086740174
1121;1512.0;27.65067559;16.0385661166
1122;1677.0;24.4995658665;14.5170895336
1123;1650.0;23.9133637486;14.5233507339
1124;207.0;131.766432761;90.3699261
1125;44.0;404.851182111;188.968325423
1126;2.0;7429.482815;7291.341492
1127;2.0;7428.173114;7305.904188
1128;2.0;7816.680537;7311.185068
1129;2.0;7430.537953;7308.805112
1130;2.0;7431.314633;7306.780548
1131;2.0;7817.956613;7310.860424
1132;29.0;7431.26723875;4153.3784002
1133;144.0;560.159075314;166.422618419
1134;1651.0;23.9433534122;14.5517891976
1135;1652.0;25.887416031;14.7946796114
1136;1772.0;24.2004455051;13.2026871774
1137;1699.0;24.8624936918;13.626707
1138;1720.0;24.9469888689;13.8361839364
1139;1648.0;25.5939570848;14.4881957148
1140;1740.0;23.5560994172;13.8509475741
1141;1616.0;26.0955336697;14.9634287272
1142;1760.0;24.0754574822;13.222400444
1143;1637.0;26.8647733174;14.1013065174
1144;1704.0;24.0539502004;13.7530709515
1145;1236.0;37.7155043261;17.6302860916
1146;1663.0;26.1685846601;14.2976571924
1147;1737.0;25.5478927042;13.1090223909
1148;1655.0;25.19660495;13.5704939991
1149;1592.0;27.5347090629;15.1253244789
1150;1712.0;24.2866298557;14.0527440598
1151;1080.0;37.9915368472;22.3323912667
1152;1798.0;23.9926933683;13.1501708155
1153;1984.0;20.9995633199;12.0450997574
1154;1912.0;22.2918690325;12.1570320767
1155;1784.0;22.5191369578;13.4820396242
1156;1718.0;24.9715757024;13.6987570842
1157;1749.0;23.9411283638;13.732796595
1158;1692.0;23.9401561922;13.8563328338
1159;1765.0;24.0767897104;13.7294351161
1160;1746.0;24.1347956558;13.781798485
1161;1701.0;25.0161743212;13.731663584
1162;1660.0;25.7728817469;13.8994837579
1163;1503.0;24.5058689681;14.508679015
1164;122.0;135.467064176;205.859376455
1165;172.0;328.269134016;106.191275072
1166;2.0;9922.69321;3673.379969
1167;2.0;9922.84052;3675.728769
1168;2.0;9922.264198;3675.553314
1169;6.0;9921.364616;3674.237698
1170;2.0;9922.624524;9915.290658
1171;2.0;9921.069993;9921.336254
1172;2.0;9921.224588;9918.11264
1173;2.0;9922.124088;2.361054
1174;2.0;9922.682546;9923.625954
1175;242.0;1713.74135048;35.359602462
1176;1742.0;23.0180579676;14.213743645
1177;1575.0;25.7167736823;15.5312555072
1178;1645.0;23.6107917482;15.5029952305
1179;1624.0;24.7871922721;14.2148377852
1180;1335.0;35.6985455465;16.7672040067
1181;1473.0;27.8957184386;16.3454798156
1182;1546.0;27.0894763391;15.4537430419
1183;1666.0;26.0403127337;13.9596837271
1184;1583.0;25.7731907062;15.4661172814
1185;1601.0;26.5457073;14.6119573082
1186;1443.0;29.7584421667;16.1253256646
1187;1732.0;26.3005292724;13.0697929609
1188;1661.0;26.4538868062;13.5731235987
1189;1713.0;23.2582821612;14.5332174621
1190;1784.0;24.3685406839;13.0724221568
1191;1716.0;23.7385658924;13.759577457
1192;1630.0;24.3726781856;15.3509624205
1193;1631.0;25.9951513495;14.8767799425
1194;1161.0;37.5944297641;19.96754962
1195;1999.0;21.5773534444;11.6286071643
1196;2044.0;20.6603241026;11.4267900837
1197;1823.0;22.5304503518;13.5435751141
1198;1710.0;24.8361793183;13.6931599833
1199;1741.0;23.9388683184;13.6522944388
1200;1740.0;23.9213151205;13.8051055263
1201;1733.0;24.4865749655;13.7470766005
1202;1697.0;25.2677065538;13.6030335664
1203;1657.0;25.364208647;14.5117523976
1204;1671.0;25.2298676696;13.7395880027
1205;1681.0;24.9251693238;14.6241852735
1206;1056.0;25.3521021493;14.3005707817
1207;272.0;187.389566879;92.4382934917
1208;123.0;219.2776547;129.809924602
1209;2.0;3677.028449;3674.644854
1210;2.0;3676.996148;3675.67181
1211;2.0;3677.645674;2.674531
1212;3.0;3677.224124;2.1036635
1213;2.0;9722.034157;9718.830003
1214;2.0;9723.02513;9720.670206
1215;2.0;9722.674349;9721.331714
1216;2.0;9723.782899;9720.510847
1217;2.0;9722.112833;10054.324301
1218;765.0;430.786400035;172.586930571
1219;1645.0;24.6582063789;14.8199365876
1220;1689.0;24.5686563275;14.2457241749
1221;1723.0;23.8786055206;13.7928318545
1222;1680.0;24.8912670142;14.2796747157
1223;1698.0;24.3887517083;14.104343467
1224;1496.0;27.7719839861;15.3973380363
1225;1343.0;31.5352068691;18.2231391433
1226;1704.0;24.7747510542;14.0185245406
1227;1679.0;24.9695795406;14.221828956
1228;1662.0;25.5219149025;14.1271829386
1229;1574.0;26.2346577143;14.7774009741
1230;1662.0;24.8299386606;15.1071779657
1231;1650.0;25.4757182955;14.5201502813
1232;1678.0;23.4094626343;13.7889086124
1233;1635.0;26.0393128841;15.0514581874
1234;1696.0;24.493782473;14.0907008153
1235;1511.0;26.2838927789;16.107681444
1236;1220.0;36.4411931214;19.0816807166
1237;1963.0;20.9966812323;12.2976837246
1238;1964.0;20.7218141781;12.2735800115
1239;1795.0;23.0178871931;13.5905263112
1240;1682.0;24.8611112893;14.1402113191
1241;1506.0;26.1735332376;16.6402392917
1242;1658.0;24.650092939;14.7097520699
1243;1667.0;25.7931129624;14.0482546273
1244;1618.0;24.3697707747;14.587076208
1245;1631.0;25.3964487236;15.3275042516
1246;1651.0;24.8044142832;14.6497600979
1247;1662.0;23.8104282944;14.8542040416
1248;969.0;44.218785423;21.76937771
1249;199.0;218.363570439;112.479193323
1250;2.0;6472.224137;6467.799632
1251;2.0;6471.6169;6465.151843
1252;2.0;6471.146331;6469.016019
1253;2.0;6452.352675;6461.795916
1254;2.0;6471.771782;6459.670169
1255;2.0;6473.66869;6468.099841
1256;21.0;6473.6996722;2430.69463719
1257;2.0;8559.859362;8556.193538
1258;813.0;178.532245098;105.540926584
1259;1711.0;25.0176966983;13.3671611963
1260;1618.0;26.8110552495;14.483774852
1261;1648.0;24.7504971818;14.2176334836
1262;1714.0;26.0163246035;13.9906586594
1263;1682.0;24.7364587655;14.0405109097
1264;1626.0;27.743630033;13.7603158352
1265;1749.0;23.6898285574;13.7713426379
1266;1657.0;23.9565653369;14.9993794977
1267;1742.0;23.8706280467;13.7905418531
1268;1674.0;25.3079495982;13.7708201335
1269;1663.0;25.1341879088;14.3361086214
1270;1606.0;24.924102223;15.5961572786
1271;1704.0;23.9906043252;14.2195041763
1272;1675.0;24.567173379;13.7750978724
1273;1711.0;23.9484488;14.9108431736
1274;1612.0;25.346229122;14.2776635537
1275;1278.0;35.615565089;17.4713286428
1276;1557.0;28.1482598311;15.1580365544
1277;2007.0;21.1585527455;11.7365563963
1278;2047.0;20.7740405617;11.3929907916
1279;1650.0;25.1111699764;14.6207100236
1280;1811.0;22.6220531567;13.1197800763
1281;1723.0;22.9554645043;14.4007744569
1282;1715.0;24.6434989493;13.8850769921
1283;1713.0;24.0943420276;13.7846054921
1284;1643.0;24.9031602578;14.2067646916
1285;1727.0;25.8863225086;13.819119186
1286;1704.0;24.6695428104;14.0315367476
1287;1591.0;25.3643825429;14.9358681088
1288;104.0;331.487334972;88.42078025
1289;175.0;373.11996969;163.280605932
1290;2.0;6782.810176;6780.480821
1291;2.0;11096.908491;6780.295459
1292;2.0;11097.418177;2.571339
1293;2.0;11097.665309;11085.713771
1294;2.0;11096.662139;11095.792858
1295;2.0;11097.071542;11090.016342
1296;2.0;11100.478711;11097.320988
1297;2.0;11098.473476;11097.29931
1298;2.0;11099.303084;11096.56957
1299;2.0;11100.996328;11094.902388
1300;2.0;11100.094585;11093.281596
1301;1382.0;168.078454842;69.7630627511
1302;1644.0;24.174510057;14.1296073158
1303;1630.0;25.4621759335;14.7515035133
1304;1675.0;25.2268441957;14.6857075795
1305;1554.0;26.5230791992;15.6222049864
1306;1567.0;27.6676163626;14.9389311793
1307;1563.0;26.635469737;15.3934105422
1308;1608.0;25.6557286753;13.96857058
1309;1734.0;25.3016148611;14.083941119
1310;1590.0;27.8088506374;14.55794744
1311;1752.0;24.945891786;12.9492976216
1312;1587.0;26.4494228265;14.9870056499
1313;1722.0;23.763977171;14.0812853185
1314;1753.0;23.4298311387;13.8574406343
1315;1709.0;24.1364684251;14.2392918106
1316;1678.0;25.1696743757;13.9730003432
1317;1711.0;24.7886709061;13.8834722729
1318;1463.0;26.1530102612;15.894588705
1319;1272.0;35.5433431818;18.5429825196
1320;1939.0;22.4614130459;12.2595569121
1321;2029.0;20.4982244355;11.7012930564
1322;1828.0;21.7472723203;13.2544115359
1323;1796.0;23.8155483796;13.287332606
1324;1744.0;24.005644311;13.852889864
1325;1660.0;25.2721133757;14.2198497602
1326;1763.0;24.4983981373;13.198030162
1327;1638.0;25.6474040691;14.4901475772
1328;1397.0;30.869118036;16.5972427103
1329;358.0;118.273514104;63.1942848683
1330;91.0;282.4654617;169.32132518
1331;41.0;309.3756277;322.352988484
1332;2.0;10251.228481;10252.160165
1333;2.0;10252.477797;10250.951739
1334;2.0;10252.465334;10247.643888
1335;2.0;10252.079914;10251.311709
1336;2.0;10253.920741;10248.285754
1337;2.0;10254.302637;10234.044619
1338;2.0;10253.05422;10250.923199
1339;2.0;10253.530994;10245.757393
1340;2.0;10256.078271;3.418554
1341;1120.0;327.163291327;42.6413564328
1342;1697.0;25.1672523016;13.9377353212
1343;1656.0;25.550465;14.3099087889
1344;1652.0;25.7077771196;13.9906074231
1345;1688.0;24.6587791469;14.223702948
1346;1618.0;24.7417714053;14.6100451714
1347;1705.0;24.3877281193;15.0342494211
1348;1622.0;24.9564407158;14.4168327251
1349;1674.0;25.0291266119;14.4298061697
1350;1632.0;24.914212945;15.1312287617
1351;1610.0;26.0831483885;14.630544334
1352;1663.0;24.254225535;14.7208210253
1353;1591.0;26.6219622486;14.9759859725
1354;1651.0;23.9274540647;14.91664281
1355;1646.0;24.944388225;14.597896698
1356;1664.0;24.529691636;14.2813192435
1357;1554.0;26.081723772;16.5065089477
1358;1664.0;24.8803490432;14.3272119197
1359;1614.0;26.2927153358;14.7466927668
1360;1100.0;37.7362352213;21.8288301322
1361;1523.0;28.3615066311;15.4642631131
1362;1918.0;21.3901741464;12.4933755956
1363;1894.0;21.8101697271;12.7426855317
1364;1654.0;24.888636518;14.6181663934
1365;1680.0;24.8621397478;14.3069617064
1366;1656.0;24.1135121047;15.030650725
1367;1584.0;25.929316749;15.2534718488
1368;1679.0;24.0676067547;14.4580693064
1369;1626.0;24.1285040327;15.4103012651
1370;1653.0;25.0714284791;14.5402442523
1371;1253.0;30.7005426301;16.9217868237
1372;211.0;215.329007452;122.886842601
1373;101.0;291.328293065;137.543397829
1374;2.0;5200.797291;5163.293008
1375;2.0;5200.747142;5199.135516
1376;2.0;5201.83414;5199.65819
1377;2.0;3919.640125;5200.394611
1378;6.0;9085.163998;1043.100194
1379;2.0;9084.12498;9085.009462
1380;2.0;9085.913756;9076.424739
1381;2.0;9085.888419;9084.770817
1382;80.0;3482.2903166;1443.81469042
1383;1704.0;25.8979566597;13.9744266976
1384;1675.0;23.9408597233;14.071208413
1385;1642.0;25.7138901738;14.3307996485
1386;1780.0;24.1537633361;13.8936838338
1387;1654.0;24.4928570952;14.857422382
1388;1666.0;24.4088505542;13.5171660245
1389;1614.0;25.4045309666;15.3520258233
1390;1654.0;25.8371814908;14.8563553574
1391;1655.0;25.0618918694;14.7655594352
1392;1751.0;23.4206270606;13.7186611858
1393;1665.0;24.8572563939;14.3376625553
1394;1698.0;25.3095311042;13.8452606113
1395;1648.0;24.6486769711;14.1043484219
1396;1690.0;25.8091974478;14.2895147627
1397;1732.0;24.0515790879;13.8739983238
1398;1653.0;24.4906307332;14.8678885445
1399;1647.0;24.6125749477;14.5944559799
1400;1619.0;26.5738710148;14.7108177674
1401;1049.0;42.0060114731;21.7016807658
1402;1947.0;21.3890810107;12.2801592649
1403;2027.0;20.857372213;11.7191760925
1404;1809.0;23.4978860413;13.0002888355
1405;1762.0;23.3276746645;13.1295496543
1406;1728.0;24.0997669264;14.3681092213
1407;1754.0;23.1706942122;13.8130484884
1408;1632.0;25.0242196216;13.8067806
1409;1682.0;26.5108987178;14.3810204323
1410;1684.0;24.1153466807;14.6733589425
1411;1615.0;25.0980423333;14.5961034443
1412;1639.0;25.2341350603;14.3769549991
1413;325.0;151.076485317;63.4053540313
1414;73.0;334.577022923;161.151032277
1415;55.0;590.316217263;173.445548611
1416;2.0;5532.077681;1.815722
1417;2.0;11728.233918;11723.033866
1418;2.0;11727.388683;11719.182081
1419;2.0;11725.422101;11719.880212
1420;2.0;11727.954806;11707.407569
1421;2.0;11726.352963;11713.96063
1422;2.0;11729.040161;11725.793591
1423;2.0;11730.25381;11712.586199
1424;2.0;11729.328112;11726.395392
1425;2.0;11729.909786;11721.637405
1426;111.0;472.432047774;1575.31796373
1427;1620.0;25.3420411358;15.2324642037
1428;1580.0;25.7561291461;15.1675234283
1429;1657.0;23.9391883116;15.1799923837
1430;1562.0;26.2721085908;15.5675201732
1431;1693.0;24.244500264;14.1946684799
1432;1566.0;26.2105456053;15.6158962531
1433;1347.0;29.8122840923;17.6661019843
1434;1604.0;26.0952379364;14.4150897783
1435;1708.0;26.4860493923;13.8314804644
1436;1669.0;24.2686597307;14.7313025549
1437;1677.0;23.5424000637;14.1866385297
1438;1612.0;25.2199707813;15.0322094838
1439;1743.0;25.7710395256;13.9727585151
1440;1715.0;24.0079833884;13.9791964817
1441;1684.0;24.5951538354;14.0484670259
1442;1691.0;24.249699305;14.7476206912
1443;1665.0;24.295129525;14.7977359186
1444;1274.0;33.2805312742;16.9568003032
1445;1716.0;25.7026850446;14.3861046637
1446;2029.0;20.6925549145;11.4501455359
1447;1907.0;22.0340889178;12.3810429089
1448;1618.0;24.4779227341;14.869442275
1449;1757.0;24.3056610973;13.8349079274
1450;1756.0;23.9087043407;13.4455648765
1451;1667.0;25.3659657253;14.364321736
1452;1610.0;25.7762059439;15.0296349842
1453;1664.0;25.2322673681;14.274675414
1454;1429.0;29.9692087717;15.6556361004
1455;432.0;57.9319932303;64.6987258143
1456;132.0;317.889430658;218.052985617
1457;55.0;266.91248792;51.6725493333
1458;2.0;3673.848916;3669.26787
1459;2.0;3673.421811;3660.662171
1460;17.0;3672.7664825;2692.096769
1461;2.0;9995.81238;9980.787987
1462;2.0;7515.806425;9979.67456
1463;2.0;7514.765058;9987.856507
1464;2.0;7516.412064;9977.272549
1465;2.0;7515.159465;9995.568494
1466;2.0;7516.067933;9970.850725
1467;8.0;7516.091527;8554.56104
1468;823.0;267.230206814;74.8022142468
1469;1689.0;25.6174490229;13.9404819501
1470;1649.0;24.9980916984;14.6365581461
1471;1696.0;24.8340642456;14.0791258845
1472;1621.0;25.3046600916;14.7974956865
1473;1577.0;26.1106298261;15.2393996288
1474;1606.0;25.2800626991;14.8709852366
1475;1619.0;26.0011724052;15.363055803
1476;1623.0;24.8349284524;14.956351311
1477;1708.0;24.4899137735;13.9390788942
1478;1735.0;24.0517738117;13.7324137067
1479;1600.0;25.5973092509;15.0383961563
1480;1715.0;24.0692989774;14.4801005022
1481;1346.0;29.5830775344;18.2655222369
1482;1683.0;24.5425848824;14.3441840677
1483;1701.0;24.6704623246;13.7653718727
1484;1502.0;27.1730785763;16.3183792082
1485;1595.0;25.6183050241;15.4739067746
1486;262.0;79.2125629639;39.4256702905
1487;1460.0;47.6569332254;23.5046482613
1488;2135.0;19.8952438175;10.9613594947
1489;2028.0;20.6099292828;11.4771516864
1490;1788.0;23.7410078581;13.4003897817
1491;1649.0;24.8665755888;14.274812021
1492;1718.0;26.1906607339;13.3244854086
1493;1752.0;24.3367336146;13.4363348358
1494;1711.0;24.7953353281;13.9441042007
1495;1706.0;25.5017486091;13.5188045305
1496;1690.0;23.9468690071;14.4575047578
1497;583.0;43.9307801047;43.1809743546
1498;175.0;199.220488933;149.639723887
1499;34.0;238.400019;123.940744111
1500;2.0;9970.04207;7864.117793
1501;2.0;9772.05336;7866.346273
1502;2.0;9771.052605;7867.799509
1503;2.0;9772.214007;7866.952597
1504;2.0;9771.292155;7869.527763
1505;2.0;10000.663438;7870.854349
1506;2.0;10000.791235;1.720842
1507;2.0;10000.332216;9769.581599
1508;303.0;639.537937125;492.808085261
1509;1731.0;23.8284310377;13.6676056992
1510;1661.0;26.4204369909;13.7717040595
1511;1615.0;26.3460759815;14.0142944511
1512;1730.0;25.9377874741;13.9276255391
1513;1642.0;24.0294716252;14.4262827369
1514;1689.0;25.8813852226;14.3681548264
1515;1705.0;23.8405326252;14.3543814965
1516;1612.0;24.7560362325;15.2602876664
1517;1666.0;24.6207869358;14.298789448
1518;1621.0;26.2434308678;14.5066730332
1519;1772.0;23.3591496834;13.7744570562
1520;1574.0;26.1991153433;15.408805526
1521;1636.0;26.7448546778;13.826008208
1522;1653.0;24.6578733732;14.9570013842
1523;1657.0;25.1512791113;14.3861712918
1524;1594.0;25.5755538079;15.3800915221
1525;1698.0;24.9307401687;13.8305969965
1526;1579.0;24.7358986571;16.1957033311
1527;1657.0;25.770105638;14.0649726433
1528;1042.0;40.9757058057;22.1298405361
1529;1877.0;22.5121907008;12.8260577424
1530;2028.0;20.757618163;11.6441811002
1531;1899.0;22.1264115603;12.5075444246
1532;1717.0;23.6212481829;13.8176175265
1533;1650.0;25.0590051841;14.3170961478
1534;1770.0;23.8779864147;13.6931675469
1535;1685.0;23.3382785656;14.5646509786
1536;1686.0;24.534449778;14.6988639911
1537;1473.0;27.8850776866;15.5185804177
1538;429.0;77.0587943188;51.1776304674
1539;178.0;211.780436051;101.663467681
1540;2.0;3706.066646;1.805505
1541;2.0;6924.294766;6918.988045
1542;2.0;6924.617402;6916.729549
1543;2.0;6924.671385;6918.148693
1544;2.0;6922.552111;6922.369357
1545;2.0;6923.647922;6917.731152
1546;213.0;1064.73574706;507.442964056
1547;1460.0;28.811527776;16.1002683127
1548;1657.0;25.6901941133;14.2457622888
1549;1598.0;25.1586445318;15.3866033543
1550;1662.0;25.146842395;14.5440973032
1551;1534.0;27.8186974651;15.3908434116
1552;1580.0;24.9287007894;15.1148704036
1553;1633.0;25.4475489891;14.6397578834
1554;1325.0;33.0503170743;17.9171042588
1555;1679.0;23.546972509;14.4691768566
1556;1728.0;24.7061869537;14.1896537389
1557;1709.0;25.063851754;13.6469924219
1558;1625.0;25.2040890862;14.4947433491
1559;1736.0;23.5131559296;14.4974358648
1560;1697.0;23.9402083056;13.4624352221
1561;1681.0;26.107412778;14.3563270886
1562;1658.0;23.9060283487;14.8454466871
1563;952.0;45.7547835595;24.2205099204
1564;1893.0;22.1622927138;12.5484120374
1565;2067.0;20.5833717997;11.3991284532
1566;1815.0;23.0221783405;12.8168361665
1567;1748.0;24.2656577577;13.872223543
1568;1759.0;23.9169033481;13.361946156
1569;1718.0;24.3261717577;13.8512208781
1570;1793.0;22.7133336117;13.5628976027
1571;1599.0;25.9711743711;15.0733853877
1572;1718.0;24.6573126608;13.765773575
1573;1721.0;24.3126507893;13.6981980788
1574;1170.0;26.40524175;14.022645874
1575;158.0;278.850904885;183.278863236
1576;40.0;587.2779535;376.399227667
1577;2.0;3886.070976;3881.040471
1578;2.0;3885.570167;3884.436025
1579;2.0;3885.042345;3879.986749
1580;18.0;3886.10486343;357.217697818
1581;2.0;11011.605268;11010.189796
1582;2.0;11011.037691;11009.652226
1583;2.0;11011.495866;11004.078891
1584;2.0;11012.045969;11010.121309
1585;2.0;11011.197959;11008.86491
1586;2.0;11010.092174;1.658104
1587;417.0;571.276971827;306.439110748
1588;1729.0;24.1788590052;14.1089355455
1589;1627.0;26.3073815157;14.3260139972
1590;1629.0;25.8252564416;14.5234893913
1591;1649.0;26.4366363839;14.0626803276
1592;1705.0;24.1782768097;13.8833856335
1593;1561.0;26.525229728;15.5368850828
1594;1659.0;23.8442488587;15.13788687
1595;1648.0;24.653298632;14.5995934143
1596;1634.0;25.0071252214;15.0871195064
1597;1701.0;25.1889821549;13.446965887
1598;1443.0;30.807365934;16.1206877443
1599;1206.0;35.7916015813;19.2108137475
1600;1385.0;30.7308858423;16.9134951367
1601;1549.0;26.6095486641;15.6157609981
1602;1611.0;24.5090613736;15.3280323383
1603;1234.0;36.5066162988;18.2067596569
1604;1968.0;21.1496337826;12.0417088217
1605;1372.0;31.5485963011;17.0590304875
1606;1772.0;22.5900157085;13.4979010374
1607;1791.0;24.0339904983;13.3330782022
1608;1691.0;24.3906579021;14.3528374119
1609;1789.0;24.4021319567;12.826549979
1610;1761.0;24.5948529728;13.1351856049
1611;1762.0;23.8399648927;13.5310629821
1612;1639.0;24.3604543201;14.0393937385
1613;194.0;195.812221308;102.163355651
1614;89.0;266.2052969;173.372062407
1615;2.0;5549.506676;5528.914082
1616;2.0;5550.602281;5548.608155
1617;2.0;5549.232657;5689.711737
1618;2.0;5550.463211;5542.083353
1619;30.0;5552.84137233;3236.73115933
1620;2.0;3820.397485;9323.6928
1621;2.0;3819.582646;9321.987508
1622;2.0;3819.694701;3811.050771
1623;289.0;606.116220131;197.270838174
1624;1739.0;24.4631416246;13.1844401431
1625;1684.0;24.7837548497;14.2293619955
1626;1725.0;25.0726937265;13.4910197811
1627;1624.0;25.4526815421;14.6876053089
1628;1690.0;25.1691411416;13.5334535725
1629;1621.0;25.0446556989;14.5868214201
1630;1741.0;24.9471210906;14.0197588131
1631;1669.0;24.0188781332;14.0891812016
1632;1718.0;24.8552394808;14.3998338735
1633;1685.0;24.4682434103;13.6916140294
1634;1617.0;24.8839979017;15.8918018924
1635;1755.0;24.2952101311;13.2774750664
1636;1638.0;26.048741533;14.6529053965
1637;1662.0;23.8362167048;14.4392348087
1638;1741.0;23.6939903936;14.0772820122
1639;1652.0;24.3739892188;14.5313158235
1640;1635.0;25.8298750911;15.0179496529
1641;1635.0;26.475033396;14.0471140653
1642;1634.0;25.9656382983;14.3303956416
1643;827.0;53.5277695036;27.312442245
1644;1328.0;33.4329040556;16.8945508212
1645;1838.0;22.9032052308;12.8704056359
1646;1859.0;21.6010482141;12.4534325562
1647;1705.0;23.5961275062;15.1194025939
1648;1700.0;24.5869910592;13.8929745444
1649;1736.0;23.9936964151;13.3653972411
1650;1520.0;26.0716427306;15.6488860966
1651;1597.0;27.4951551208;15.2964825628
1652;750.0;32.963173292;31.128393576
1653;206.0;204.535009574;85.0262881304
1654;90.0;356.8329464;202.976233233
1655;2.0;5747.248837;5743.825966
1656;2.0;5747.488268;5745.990205
1657;2.0;5748.779728;5745.967991
1658;2.0;5748.256345;5745.158922
1659;2.0;11068.841399;5746.625488
1660;5.0;11070.320939;4.291287
1661;2.0;11067.741008;11063.988824
1662;2.0;11068.838883;11065.364351
1663;2.0;11071.161049;11065.948881
1664;2.0;11069.647281;11055.520347
1665;551.0;309.568866519;348.702236968
1666;1552.0;27.1675447663;15.075930199
1667;1576.0;25.349204861;14.6326240076
1668;1664.0;26.0547731449;14.9004418172
1669;1654.0;25.2026920109;14.8958816431
1670;1457.0;29.2638632275;16.051381258
1671;1667.0;25.5392162602;14.2549298273
1672;1662.0;24.4477217473;14.67465955
1673;1788.0;23.2251006047;13.3291161572
1674;1649.0;24.6633102415;14.2193921541
1675;1775.0;24.0845284398;13.6472310178
1676;1642.0;25.6537401609;14.5251879078
1677;1681.0;26.2471043714;13.4759895031
1678;1641.0;25.3483996319;13.6668587562
1679;1747.0;25.3881467851;13.9444162889
1680;1693.0;23.5090203909;14.3436381545
1681;1052.0;38.7684239256;23.0969219536
1682;1808.0;22.4901298557;13.6083147706
1683;2002.0;20.9398236423;11.7847827799
1684;1914.0;22.0706918913;12.4474902063
1685;1737.0;23.879559372;13.3944180269
1686;1655.0;25.1923733169;14.9334018987
1687;1711.0;23.7672338837;14.0964516405
1688;1649.0;25.1569295644;14.7200234545
1689;1639.0;25.803404326;14.149899344
1690;1575.0;26.8892633479;14.7093484328
1691;831.0;56.1662015943;25.0850736782
1692;113.0;296.478814176;139.483008772
1693;90.0;394.007789867;170.74471745
1694;2.0;3675.784103;3675.394878
1695;2.0;3676.915323;3676.703393
1696;2.0;3676.902032;2.36058
1697;20.0;3676.893753;5.87749172727
1698;2.0;9115.471873;9131.529395
1699;2.0;9114.458774;9133.303406
1700;2.0;9116.124382;9132.01728
1701;2.0;9116.646792;9133.620227
1702;10.0;9115.5461815;2283.071711
1703;1063.0;106.677975698;168.346400952
1704;1699.0;24.5940708965;13.8389169513
1705;1625.0;24.9219309909;14.8776603439
1706;1609.0;24.4292614214;15.5888122425
1707;1723.0;24.4312975851;13.7026830741
1708;1593.0;24.7116137356;15.0080587254
1709;1647.0;25.1401585423;14.8600937985
1710;1573.0;27.2671131448;15.273335672
1711;1270.0;33.6322672547;18.2108021401
1712;1506.0;29.0685402857;15.275122015
1713;1615.0;25.7790989706;15.132734873
1714;1682.0;24.9966188495;14.10493779
1715;1645.0;25.3135195539;14.6603059253
1716;1637.0;24.7623837873;14.9580371748
1717;1632.0;23.7862822671;14.8372075111
1718;1091.0;38.4409859344;22.51157284
1719;1669.0;25.1609285307;14.5703739085
1720;1895.0;22.1421258246;12.6947836363
1721;1578.0;26.1518495549;15.34063502
1722;1615.0;25.3629987685;14.9206908586
1723;1607.0;26.0488854732;14.8978645047
1724;1618.0;25.3494324644;14.7602703557
1725;1664.0;24.1973259518;14.568190683
1726;1591.0;24.1687427505;15.8126808043
1727;1668.0;24.8173607442;15.01971889
1728;1681.0;23.7580789032;14.7412305717
1729;622.0;51.1681673223;30.8379666764
1730;187.0;198.57464935;114.530979457
1731;92.0;450.384285581;143.260270508
1732;2.0;5588.422083;5577.905703
1733;2.0;5589.087199;5576.74823
1734;2.0;5587.641282;5585.007297
1735;2.0;5586.701476;5586.879726
1736;5.0;5589.28825575;5586.470609
1737;36.0;5588.8798325;939.383963083
1738;2.0;2918.167382;8457.766396
1739;120.0;655.944122351;711.617938012
1740;1676.0;25.3965242847;14.2509964354
1741;1727.0;24.251877768;13.8209403624
1742;1760.0;23.4146258065;13.4704128427
1743;1635.0;25.3761405737;15.0178926784
1744;1738.0;23.1196010052;14.0294391331
1745;1610.0;24.5760801883;15.0394747291
1746;1696.0;24.5622786203;14.5705249921
1747;1680.0;25.3957948614;13.7891780793
1748;1618.0;25.4865310037;14.0708497225
1749;1678.0;25.9076684991;14.5787526114
1750;1705.0;25.2041865472;13.4244936093
1751;1595.0;25.8894031679;15.4004087607
1752;1716.0;23.9193162526;14.0351870998
1753;1633.0;24.1811765117;14.5421900668
1754;1708.0;25.5665211614;14.1954207417
1755;1637.0;25.4149157945;14.5447585101
1756;1729.0;23.7561962457;14.0576577472
1757;918.0;45.2131621495;25.9271766499
1758;1818.0;23.2517057821;13.196003936
1759;2014.0;20.8321987287;11.7148108386
1760;1949.0;21.6181426344;12.1880768105
1761;1743.0;23.8441063821;13.7353235938
1762;1701.0;24.7220185401;13.9616996823
1763;1698.0;24.8261824261;14.0539665566
1764;1674.0;24.8644304797;14.1548952367
1765;1644.0;24.9339766131;14.7612346661
1766;1687.0;24.2191825876;14.3179821034
1767;1304.0;24.1601827557;14.9416645128
1768;181.0;281.355158544;157.116362685
1769;143.0;269.106791581;125.47595496
1770;2.0;8226.857931;8227.621795
1771;2.0;8228.678592;8216.412704
1772;2.0;8228.013985;8224.905321
1773;2.0;8227.097536;8226.472584
1774;2.0;8228.157974;8221.602471
1775;2.0;8230.64997;8223.928525
1776;2.0;8231.197512;8220.907738
1777;23.0;8230.66111775;1649.3378748
1778;4.0;10690.771569;13.753896
1779;2.0;10690.805778;2.270966
1780;627.0;305.88433371;109.08030505
1781;1525.0;25.1751361599;16.4623278539
1782;1597.0;25.5698382398;14.8487010623
1783;1677.0;25.4023621311;14.3275877938
1784;1559.0;25.3007382788;15.8789358653
1785;1630.0;25.029425558;14.5482289604
1786;1575.0;26.3108228553;16.0856422606
1787;1500.0;27.6611663877;15.3966471143
1788;1612.0;25.1674481352;14.8522519785
1789;1646.0;25.1848751261;15.5104541338
1790;1785.0;23.7774936584;13.0469925364
1791;1591.0;25.7068064361;15.6037405401
1792;1779.0;23.5758097107;13.2564162837
1793;1655.0;25.0518770357;14.5671744132
1794;1693.0;24.0994916439;14.383869
1795;1748.0;24.2325122547;13.2572611165
1796;1641.0;24.8390799693;15.1416842013
1797;1419.0;30.2220413851;15.8777031338
1798;1237.0;35.1176491232;19.3204795443
1799;1877.0;21.8842660266;12.7624393161
1800;2054.0;20.329476048;11.6219278083
1801;1755.0;24.0627887364;13.4066258021
1802;1760.0;24.686091835;13.258929564
1803;1703.0;24.3574896305;13.9461030398
1804;1666.0;25.7369107989;14.0998504964
1805;1736.0;24.1045818733;13.8131943603
1806;1438.0;28.8630181033;16.3169795723
1807;594.0;76.3721885099;37.83168625
1808;167.0;184.733128702;91.1149554364
1809;90.0;392.337812167;184.969256033
1810;2.0;10303.367517;7423.590471
1811;2.0;10304.762451;7425.118691
1812;2.0;10303.459383;7423.687426
1813;2.0;10304.101217;7425.104121
1814;2.0;10303.525532;10299.100678
1815;2.0;10304.512577;10298.700205
1816;2.0;10302.549561;10302.5653
1817;2.0;10305.075599;10301.232037
1818;2.0;10304.830878;10302.320498
1819;264.0;956.457562593;318.529535636
1820;1555.0;26.6364555988;15.4808884101
1821;1654.0;26.1812955648;14.260521978
1822;1677.0;25.1578168387;14.1306089066
1823;1639.0;25.3684813523;14.5138549059
1824;1545.0;27.4375589942;15.5146493848
1825;1666.0;24.0572442577;14.8551163483
1826;1594.0;26.3276215376;15.0301986064
1827;1681.0;24.7846896143;14.1622676985
1828;1606.0;24.8854985399;14.8550687854
1829;1667.0;25.4236811906;15.0928414761
1830;1592.0;24.960676617;14.590731355
1831;1648.0;25.8702247889;14.5517332489
1832;1634.0;25.1704906667;15.2318904338
1833;1675.0;25.1760854057;14.0752149012
1834;1636.0;24.3147327902;14.6170096916
1835;1664.0;24.2390773813;15.2034370451
1836;1634.0;25.3821499743;14.825929742
1837;979.0;42.820877568;23.0169570216
1838;1829.0;23.4833345523;13.5143281175
1839;1927.0;21.5720513187;12.3830535431
1840;1819.0;23.0290408497;12.9583926719
1841;1553.0;26.3808322102;15.6453624283
1842;1617.0;25.1152711282;14.9327140084
1843;1621.0;25.2991732699;15.0914929222
1844;1621.0;25.5805656071;14.8882434714
1845;1640.0;24.6922539693;14.8399223002
1846;1650.0;25.4289892128;14.6886798661
1847;1600.0;23.7118641927;15.4555174322
1848;552.0;82.2376132842;35.470888542
1849;246.0;165.585494439;95.7814525183
1850;2.0;5884.69401;5883.631927
1851;2.0;5885.160877;5879.87958
1852;2.0;5884.259737;5880.851951
1853;2.0;5886.751594;5873.690077
1854;2.0;9810.250946;5882.644425
1855;3.0;9809.784947;5881.824818
1856;2.0;9810.704235;3633.36254
1857;2.0;9810.45985;3632.350272
1858;2.0;9809.356645;3632.792863
1859;115.0;2013.64725508;1302.42232
1860;1686.0;25.6502375554;14.0523008233
1861;1747.0;24.4977476833;13.6179895403
1862;1683.0;24.3932218922;14.0174412426
1863;1655.0;25.6197259385;14.2298262459
1864;1654.0;25.5656753435;14.8089696585
1865;1609.0;27.0715750976;14.1639235178
1866;1700.0;24.9219474319;14.0028431057
1867;1554.0;25.0422336628;15.8032561066
1868;1691.0;24.4394246857;14.677919893
1869;1638.0;24.3660925298;15.1415532387
1870;1742.0;24.1515902353;13.7741981383
1871;1670.0;25.9674994319;13.8883450567
1872;1663.0;25.5911881735;14.0408347418
1873;1746.0;23.4113613549;13.8165985483
1874;1651.0;25.1122243533;14.9597834732
1875;1594.0;26.4580836742;14.3643974497
1876;1689.0;24.6360507215;14.5737477469
1877;1122.0;38.8106981197;20.6749289625
1878;1837.0;22.4308299902;13.0463774988
1879;2108.0;20.3176593248;11.0954011366
1880;1810.0;22.20475711;13.26387804
1881;1734.0;24.489355644;13.8456285597
1882;1667.0;24.4055605758;14.9530149677
1883;1653.0;23.8161643172;14.3353513078
1884;1746.0;24.770296853;13.8149709854
1885;1668.0;24.4167001145;14.5364573147
1886;1591.0;24.6151067266;15.9791847001
1887;1716.0;24.2808168183;13.9023451046
1888;212.0;212.932436672;95.4879136149
1889;121.0;392.544141205;114.385886377
1890;43.0;308.782643786;163.917452931
1891;2.0;7749.423768;7747.882304
1892;2.0;7749.671601;1.88998
1893;2.0;7749.573286;2.821198
1894;2.0;7751.051738;3.255848
1895;2.0;7750.037287;4.508125
1896;2.0;7750.343657;5.048035
1897;7.0;7750.67090233;8.2398725
1898;2.0;11506.839173;11502.203763
1899;2.0;11507.095846;11500.77602
1900;2.0;11509.450816;11502.352307
1901;428.0;389.191389134;541.313711601
1902;1680.0;25.1616361968;14.1342681499
1903;1599.0;26.3037179456;14.8979497711
1904;1627.0;24.3893219031;15.3173015
1905;1594.0;26.2790390576;14.8656595455
1906;1626.0;24.8709326838;14.7362520055
1907;1452.0;30.3340261381;16.2355656153
1908;1714.0;24.1775343868;13.9567886254
1909;1666.0;24.7713543564;14.532117706
1910;1640.0;26.2443042505;14.0600888624
1911;1612.0;24.7495577523;15.6471351849
1912;1631.0;25.4397387015;14.0132268166
1913;1653.0;25.3430593912;15.3195887749
1914;1619.0;24.8060650967;15.2311789692
1915;1757.0;24.7286773901;13.1108813239
1916;1677.0;24.2318922244;13.7716974968
1917;1706.0;24.7887965509;14.567428419
1918;1619.0;25.7141791282;14.7268061687
1919;1166.0;34.992496567;19.0124036967
1920;1690.0;26.075515694;15.0787548892
1921;1875.0;22.4538713625;12.441871752
1922;1887.0;23.1180519637;12.3862115251
1923;1380.0;30.0350741875;17.1486278548
1924;1745.0;23.1985381009;13.5687474957
1925;1660.0;25.6813187043;14.7025270844
1926;1688.0;24.2963525509;14.4569489705
1927;1617.0;24.5058794954;15.2077409507
1928;1552.0;25.5952921073;16.3887143184
1929;761.0;47.3476581176;31.0852445929
1930;133.0;227.977232111;109.182116523
1931;89.0;347.936773633;200.689901271
1932;2.0;10516.382328;3674.352603
1933;2.0;10514.125115;3675.716692
1934;4.0;10515.919731;3674.95132367
1935;2.0;10516.183875;10513.509498
1936;2.0;10516.669046;10510.19631
1937;2.0;10516.35682;10511.762223
1938;2.0;10516.319412;10507.996805
1939;2.0;10518.493135;10505.093192
1940;2.0;10517.358193;10511.736245
1941;116.0;1788.47480366;966.379582436
1942;1642.0;25.6040255582;14.5107394973
1943;1685.0;23.9963387562;14.0755360956
1944;1682.0;25.094366087;14.4866498141
1945;1636.0;25.81557026;14.5547354604
1946;1651.0;24.9927910829;14.7029812263
1947;1599.0;25.7638671287;15.1821547178
1948;1621.0;25.9229139483;14.4920938332
1949;1607.0;25.4892462384;15.2165358846
1950;1690.0;24.2197157208;14.4006319262
1951;1614.0;25.013412655;15.3318741856
1952;1683.0;24.2445947094;14.566790754
1953;1603.0;26.1646995963;14.6818010762
1954;1682.0;23.0865905312;14.1211967441
1955;1680.0;24.1660170751;15.2877502658
1956;1671.0;23.4278609044;15.1045748038
1957;1658.0;24.3656696245;14.6877205299
1958;1585.0;27.1322851932;14.9302530038
1959;1658.0;25.8472100955;13.9749220326
1960;1461.0;27.6787826854;16.0409754459
1961;1154.0;38.5860618961;20.6465129727
1962;1852.0;22.5269107201;12.8955406256
1963;1900.0;21.6988140819;12.6554050158
1964;1800.0;23.1005486883;13.5424310367
1965;1659.0;24.4970378643;14.7800465487
1966;1702.0;23.7077192168;14.2444100204
1967;1639.0;24.9774652113;14.7250078706
1968;1594.0;26.082227409;15.2103492743
1969;1594.0;25.3520164877;15.6718065586
1970;1613.0;24.624370326;15.262350043
1971;1401.0;24.7797731906;14.9593274368
1972;108.0;284.994496462;200.731245043
1973;181.0;216.384295033;170.87574215
1974;2.0;4533.891172;1.688926
1975;2.0;9477.818029;9473.167076
1976;2.0;9477.106556;9474.025026
1977;2.0;9468.911248;9467.79685
1978;2.0;9477.527406;9476.513463
1979;2.0;9479.745762;9473.866088
1980;2.0;9478.101071;9475.48072
1981;2.0;9479.197499;9463.161652
